Name,"Keyword Preview",Location,"Modified Time","Change Time","Access Time","Created Time",Size,"Flags(Dir)","Flags(Meta)",Known,"MD5 Hash","SHA-256 Hash","MIME Type",Extension
"Unalloc_2086_7992320_499999744","s lake 
ascii ====> «direwolf« 0897 <==== fat bay","/img_ss-win-07-25-18.dd/vol_vol4/$Unalloc/Unalloc_2086_7992320_499999744","0000-00-00 00:00:00","0000-00-00 00:00:00","0000-00-00 00:00:00","0000-00-00 00:00:00",491003904,Unallocated,Unallocated,unknown,,,application/octet-stream,
"DELETED-Extinct-Lupus-ntfs-ascii.txt","k
bass 
ascii ====> «direwolf« 0901 <==== ntfs har","/img_ss-win-07-25-18.dd/vol_vol7/ntfs/DELETED-Extinct-Lupus-ntfs-ascii.txt","2018-07-24 23:15:14 CEST","2018-07-25 20:03:04 CEST","2018-07-25 20:03:04 CEST","2018-07-25 20:03:04 CEST",1208,Unallocated,Unallocated,unknown,,,text/plain,txt
"DELETED-Lycan-fat-ascii.txt","harbor

ascii ====> «werewolf« 0913 <==== fat bass","/img_ss-win-07-25-18.dd/vol_vol4/fat/DELETED-Lycan-fat-ascii.txt","2018-07-24 17:15:14 CEST","0000-00-00 00:00:00","2018-07-25 00:00:00 CEST","2018-07-25 14:02:27 CEST",1196,Unallocated,Unallocated,unknown,,,text/plain,txt
"Unalloc_2088_1000634368_1499999232","bass. 
ascii ====> «direwolf« 0899 <==== exfat oc","/img_ss-win-07-25-18.dd/vol_vol6/$Unalloc/Unalloc_2088_1000634368_1499999232","0000-00-00 00:00:00","0000-00-00 00:00:00","0000-00-00 00:00:00","0000-00-00 00:00:00",498557952,Unallocated,Unallocated,unknown,,,application/octet-stream,
"Unalloc_2090_1500142592_1999997952","k
bass 
ascii ====> «direwolf« 0901 <==== ntfs har","/img_ss-win-07-25-18.dd/vol_vol7/$Unalloc/Unalloc_2090_1500142592_1999997952","0000-00-00 00:00:00","0000-00-00 00:00:00","0000-00-00 00:00:00","0000-00-00 00:00:00",486105088,Unallocated,Unallocated,unknown,,,application/octet-stream,
"LIVE-Lycan-ntfs-ascii.txt","b bay. 
ascii ====> «werewolf« 0916 <==== ntfs squ","/img_ss-win-07-25-18.dd/vol_vol7/ntfs/LIVE-Lycan-ntfs-ascii.txt","2018-07-24 23:15:14 CEST","2018-07-25 20:03:09 CEST","2018-07-25 20:03:09 CEST","2018-07-25 20:03:09 CEST",1183,Allocated,Allocated,unknown,,,text/plain,txt
"Unalloc_508_499999744_999999488","squid 
ascii ====> «direwolf« 0902 <==== unalloc","/img_ss-win-07-25-18.dd/vol_vol5/Unalloc_508_499999744_999999488","0000-00-00 00:00:00","0000-00-00 00:00:00","0000-00-00 00:00:00","0000-00-00 00:00:00",499999744,Unallocated,Unallocated,unknown,,,application/octet-stream,
"LIVE-Lycan-exfat-ascii.txt","ngcrab 
ascii ====> «werewolf« 0914 <==== exfat ki","/img_ss-win-07-25-18.dd/vol_vol6/exfat/LIVE-Lycan-exfat-ascii.txt","2018-07-24 17:15:14 CEST","0000-00-00 00:00:00","2018-07-25 14:03:36 CEST","2018-07-25 14:03:36 CEST",1235,Allocated,Allocated,unknown,,,text/plain,txt
"LIVE-Extinct-Lupus-fat-ascii.txt",". sea. 
ascii ====> «direwolf« 0896 <==== fat rive","/img_ss-win-07-25-18.dd/vol_vol4/fat/LIVE-Extinct-Lupus-fat-ascii.txt","2018-07-24 17:15:14 CEST","0000-00-00 00:00:00","2018-07-25 00:00:00 CEST","2018-07-25 14:02:32 CEST",1245,Allocated,Allocated,unknown,,,text/plain,txt
"DELETED-Extinct-Lupus-exfat-ascii.txt","bass. 
ascii ====> «direwolf« 0899 <==== exfat oc","/img_ss-win-07-25-18.dd/vol_vol6/exfat/DELETED-Extinct-Lupus-exfat-ascii.txt","2018-07-24 17:15:14 CEST","0000-00-00 00:00:00","2018-07-25 14:03:32 CEST","2018-07-25 14:03:32 CEST",1235,Unallocated,Unallocated,unknown,,,text/plain,txt
"LIVE-Extinct-Lupus-ntfs-ascii.txt","n? sea 
ascii ====> «direwolf« 0900 <==== ntfs tro","/img_ss-win-07-25-18.dd/vol_vol7/ntfs/LIVE-Extinct-Lupus-ntfs-ascii.txt","2018-07-24 23:15:14 CEST","2018-07-25 20:03:08 CEST","2018-07-25 20:03:08 CEST","2018-07-25 20:03:08 CEST",1216,Allocated,Allocated,unknown,,,text/plain,txt
"DELETED-Lycan-ntfs-ascii.txt","tuna! 
ascii ====> «werewolf« 0917 <==== ntfs bas","/img_ss-win-07-25-18.dd/vol_vol7/ntfs/DELETED-Lycan-ntfs-ascii.txt","2018-07-24 23:15:14 CEST","2018-07-25 20:03:05 CEST","2018-07-25 20:03:05 CEST","2018-07-25 20:03:05 CEST",1197,Unallocated,Unallocated,unknown,,,text/plain,txt
"DELETED-Extinct-Lupus-fat-ascii.txt","s lake 
ascii ====> «direwolf« 0897 <==== fat bay","/img_ss-win-07-25-18.dd/vol_vol4/fat/DELETED-Extinct-Lupus-fat-ascii.txt","2018-07-24 17:15:14 CEST","0000-00-00 00:00:00","2018-07-25 00:00:00 CEST","2018-07-25 14:02:27 CEST",1244,Unallocated,Unallocated,unknown,,,text/plain,txt
"LIVE-Extinct-Lupus-exfat-ascii.txt",", carp 
ascii ====> «direwolf« 0898 <==== exfat ba","/img_ss-win-07-25-18.dd/vol_vol6/exfat/LIVE-Extinct-Lupus-exfat-ascii.txt","2018-07-24 17:15:14 CEST","0000-00-00 00:00:00","2018-07-25 14:03:36 CEST","2018-07-25 14:03:36 CEST",1227,Allocated,Allocated,unknown,,,text/plain,txt
LIVE-Lycan-fat-ascii.txt,"squid

ascii ====> «werewolf« 0912 <==== fat broo","/img_ss-win-07-25-18.dd/vol_vol4/fat/LIVE-Lycan-fat-ascii.txt","2018-07-24 17:15:14 CEST","0000-00-00 00:00:00","2018-07-25 00:00:00 CEST","2018-07-25 14:02:32 CEST",1213,Allocated,Allocated,unknown,,,text/plain,txt
"DELETED-Lycan-exfat-ascii.txt","shark 
ascii ====> «werewolf« 0915 <==== exfat ki","/img_ss-win-07-25-18.dd/vol_vol6/exfat/DELETED-Lycan-exfat-ascii.txt","2018-07-24 17:15:14 CEST","0000-00-00 00:00:00","2018-07-25 14:03:32 CEST","2018-07-25 14:03:32 CEST",1189,Unallocated,Unallocated,unknown,,,text/plain,txt
